sku,ean
A001-47-20-140-A1/A1/T1,5744006890009
A001-47-20-140-B1/B1/T1,5744006890276
A001-47-20-140-C1/C1/T1,5744006890283
A001-47-20-140-C2/C2/T1,5744006893390
A001-47-20-140-D1/D1/T1,5744006890290
A001-47-20-140-F1/F1/T1,574400689030
A001-47-20-140-G1/G1/T1,5744006890313
A001-47-20-140-H1/H1/T1,5744006894267
A001-47-20-140-I1/I1/T1,5744006893789
A001-47-20-140-R1/R1/T1,5744006890320
A001-47-20-140-T1/T1/T1,5744006890337
A001-49-20-140-A1/A1/T1,5744006891617
A001-49-20-140-B1/B1/T1,5744006891624
A001-49-20-140-C1/C1/T1,5744006891631
A001-49-20-140-C2/C2/T1,5744006893406
A001-49-20-140-D1/D1/T1,5744006891648
A001-49-20-140-F1/F1/T1,5744006891655
A001-49-20-140-G1/G1/T1,5744006891662
A001-49-20-140-H1/H1/T1,5744006894274
A001-49-20-140-I1/I1/T1,5744006893796
A001-49-20-140-R1/R1/T1,5744006891679
A001-49-20-140-T1/T1/T1,5744006891686
A001-51-21-145-A1/A1/T1,5744006891693
A001-51-21-145-B1/B1/T1,5744006891709
A001-51-21-145-C1/C1/T1,5744006891716
A001-51-21-145-C2/C2/T1,5744006893413
A001-51-21-145-D1/D1/T1,5744006891723
A001-51-21-145-F1/F1/T1,5744006891730
A001-51-21-145-G1/G1/T1,5744006891747
A001-51-21-145-H1/H1/T1,5744006894281
A001-51-21-145-I1/I1/T1,5744006893802
A001-51-21-145-R1/R1/T1,5744006891754
A001-51-21-145-T1/T1/T1,5744006891761
A002-49-20-140-A1/A1/T1,5744006891853
A002-49-20-140-B1/B1/T1,5744006891860
A002-49-20-140-C1/C1/T1,5744006891877
A002-49-20-140-D1/D1/T1,5744006891884
A002-49-20-140-G1/G1/T1,5744006891891
A002-51-21-140-A1/A1/T1,5744006891921
A002-51-21-140-B1/B1/T1,5744006891938
A002-51-21-140-C1/C1/T1,5744006891945
A002-51-21-140-D1/D1/T1,5744006891952
A002-51-21-140-G1/G1/T1,5744006891976
A003-53-18-140-A1/A1/T1,5744006892089
A003-53-18-140-B1/B1/T1,5744006892096
A003-53-18-140-C1/C1/T1,5744006892102
A003-53-18-140-D1/D1/T1,5744006892119
A003-53-18-140-F1/F1/T1,5744006892126
A003-53-18-140-G1/G1/T1,5744006892133
A003-53-18-140-H1/H1/T1,5744006894298
A003-55-18-145-A1/A1/T1,5744006892164
A003-55-18-145-B1/B1/T1,5744006892171
A003-55-18-145-C1/C1/T1,5744006892188
A003-55-18-145-D1/D1/T1,5744006892195
A003-55-18-145-F1/F1/T1,5744006892201
A003-55-18-145-G1/G1/T1,5744006892218
A003-55-18-145-H1/H1/T1,5744006894304
A004-48-18-140-A1/A1/T1,5744006892249
A004-48-18-140-B1/B1/T1,5744006892256
A004-48-18-140-D1/D1/T1,5744006892270
A004-48-18-140-H1/H1/T1,5744006893819
A004-48-18-140-R1/R1/T1,5744006892300
A004-50-18-140-A1/A1/T1,5744006892324
A004-50-18-140-B1/B1/T1,5744006892331
A004-50-18-140-D1/D1/T1,5744006892355
A004-50-18-140-H1/H1/T1,5744006893963
A004-50-18-140-J1/J1/T1,5744006896889
A004-50-18-140-R1/R1/T1,5744006892386
A005-48-20-140-A1/A1/T1,5744006892409
A005-48-20-140-B1/B1/T1,5744006892416
A005-48-20-140-D1/D1/T1,5744006892430
A005-48-20-140-F1/F1/T1,5744006892447
A005-48-20-140-G1/G1/T1,5744006892454
A005-48-20-140-R1/R1/T1,5744006892461
A005-50-20-140-A1/A1/T1,5744006892485
A005-50-20-140-B1/B1/T1,5744006892492
A005-50-20-140-D1/D1/T1,5744006892515
A005-50-20-140-F1/F1/T1,5744006892522
A005-50-20-140-G1/G1/T1,5744006892539
A005-50-20-140-R1/R1/T1,5744006892546
A006-48-20-140-A1/A1/T1,5744006892645
A006-48-20-140-B1/B1/T1,5744006892652
A006-48-20-140-D1/D1/T1,5744006892676
A007-55-15-140-A1/A1/T1,5744006892805
A007-55-15-140-B1/B1/T1,5744006892812
A007-55-15-140-C1/C1/T1,5744006892829
A007-55-15-140-C2/C2/T1,5744006893420
A007-55-15-140-D1/D1/T1,5744006892836
A007-55-15-140-F1/F1/T1,5744006892874
A008-51-16-140-A1/A1/T1,5744006892881
A008-51-16-140-B1/B1/T1,5744006892898
A008-51-16-140-D1/D1/T1,5744006892911
A008-51-16-140-F1/F1/T1,5744006892928
A008-51-16-140-G1/G1/T1,5744006892935
A008-51-16-140-R1/R1/T1,5744006892942
A008-53-16-140-A1/A1/T1,5744006892966
A008-53-16-140-B1/B1/T1,5744006892973
A008-53-16-140-D1/D1/T1,5744006892997
A008-53-16-140-F1/F1/T1,5744006893000
A008-53-16-140-G1/G1/T1,5744006893017
A008-53-16-140-H1/H1/T1,5744006896872
A008-53-16-140-R1/R1/T1,5744006893024
A009-54-14-140-A1/A1/T1,5744006893048
A009-54-14-140-B1/B1/T1,5744006893055
A009-54-14-140-C2/C2/T1,5744006893987
A009-54-14-140-D1/D1/T1,5744006893079
A009-56-14-145-A1/A1/T1,5744006893123
A009-56-14-145-B1/B1/T1,5744006893130
A009-56-14-145-C2/C2/T1,5744006893994
A009-56-14-145-D1/D1/T1,5744006893154
A009-56-14-145-T1/T1/T1,5744006893192
A010-53-18-140-A1/A1/T1,5744006893437
A010-53-18-140-C1/C1/T1,5744006894311
A010-53-18-140-C2/C2/T1,5744006893444
A010-53-18-140-F1/F1/T1,5744006893451
A010-53-18-140-H1/H1/T1,5744006894335
A010-53-18-140-T1/T1/T1,5744006894328
A011-46-21-140-A1/A1/T1,5744006894144
A011-46-21-140-C2/C2/T1,5744006894359
A011-46-21-140-F1/F1/T1,5744006894342
A011-46-21-140-G1/G1/T1,5744006894151
A011-46-21-140-H1/H1/T1,5744006894366
A011-46-21-140-R1/R1/T1,5744006894168
A011-48-22-140-A1/A1/T1,5744006894175
A011-48-22-140-C2/C2/T1,5744006894397
A011-48-22-140-F1/F1/T1,5744006894373
A011-48-22-140-G1/G1/T1,5744006894182
A011-48-22-140-H1/H1/T1,5744006894380
A011-48-22-140-R1/R1/T1,5744006894199
A012-50-21-140-C2/C2/T1,5744006894014
A012-50-21-140-H1/H1/T1,5744006894007
A012-50-21-140-T1/T1/T1,5744006894021
A013-54-16-140-A1/A1/T1,5744006895516
A013-54-16-140-H1/H1/T1,5744006895530
A013-54-16-140-I1/I1/T1,5744006895523
A013-54-16-140-J1/J1/T1,5744006895547
AN001-47-21-140-A1/T1,5744006893826
AN001-47-21-140-B1/T1,5744006893833
AN001-47-21-140-B5/T1,5744006896841
AN001-47-21-140-C1/T1,5744006893840
AN001-47-21-140-C2/T1,5744006893871
AN001-47-21-140-D1/T1,5744006893857
AN001-47-21-140-F1/T1,5744006895134
AN001-47-21-140-G1/T1,5744006893864
AN001-47-21-140-H1/T1,5744006893888
AN001-47-21-140-I1/T1,5744006893895
AN001-47-21-140-T1/T1,5744006894687
AN001-49-21-140-A1/T1,5744006894434
AN001-49-21-140-B1/T1,5744006894427
AN001-49-21-140-B5/T1,5744006896858
AN001-49-21-140-C1/T1,5744006894441
AN001-49-21-140-C2/T1,5744006893925
AN001-49-21-140-D1/T1,5744006893901
AN001-49-21-140-F1/T1,5744006895141
AN001-49-21-140-G1/T1,5744006893918
AN001-49-21-140-H1/T1,5744006894564
AN001-49-21-140-I1/T1,5744006895110
AN001-49-21-140-T1/T1,5744006894694
AN001-51-22-145-A1/T1,5744006894403
AN001-51-22-145-B1/T1,5744006894458
AN001-51-22-145-B5/T1,5744006896865
AN001-51-22-145-C1/T1,5744006894410
AN001-51-22-145-C2/T1,5744006893949
AN001-51-22-145-D1/T1,5744006893932
AN001-51-22-145-F1/T1,5744006895158
AN001-51-22-145-G1/T1,5744006893956
AN001-51-22-145-H1/T1,5744006894557
AN001-51-22-145-I1/T1,5744006895127
AN001-51-22-145-T1/T1,5744006894700
AN002-49-21-140-B5/T1,5744006895455
AN002-49-21-140-D1/T1,5744006895462
AN002-49-21-140-G1/T1,5744006895479
AN002-51-22-145-B5/T1,5744006895486
AN002-51-22-145-D1/T1,5744006895493
AN002-51-22-145-G1/T1,5744006895509
AN003-53-19-145-A1/T1,5744006894717
AN003-53-19-145-B1/T1,5744006894724
AN003-53-19-145-C1/T1,5744006894731
AN003-53-19-145-F1/T1,5744006894748
AN003-53-19-145-G1/T1,5744006894755
AN003-53-19-145-H1/T1,5744006894762
AN003-55-19-145-A1/T1,5744006894779
AN003-55-19-145-B1/T1,5744006894823
AN003-55-19-145-C1/T1,5744006894786
AN003-55-19-145-F1/T1,5744006894793
AN003-55-19-145-G1/T1,5744006894809
AN003-55-19-145-H1/T1,5744006894816
AN005-48-21-140-A1/T1,5744006894069
AN005-48-21-140-D1/T1,5744006894076
AN005-48-21-140-F1/T1,5744006894083
AN005-48-21-140-G1/T1,5744006894090
AN005-50-21-140-A1/T1,5744006894106
AN005-50-21-140-D1/T1,5744006894113
AN005-50-21-140-F1/T1,5744006894120
AN005-50-21-140-G1/T1,5744006894137
AN005-50-21-140-H1/T1,5744006895233
AN007-55-16-140-A1/T1,5744006894496
AN007-55-16-140-B1/T1,5744006894489
AN007-55-16-140-C2/T1,5744006894472
AN007-55-16-140-D1/T1,5744006894465
AN007-55-16-140-F1/T1,5744006894670
AN008-51-17-140-D1/T1,5744006895899
AN008-51-17-140-G1/T1,5744006895905
AN008-51-17-140-H1/T1,5744006895912
AN008-53-17-140-D1/T1,5744006895929
AN008-53-17-140-G1/T1,5744006895936
AN008-53-17-140-H1/T1,5744006895943
AN010-53-19-140-A1/T1,5744006894502
AN010-53-19-140-C1/T1,5744006894519
AN010-53-19-140-H1/T1,5744006894526
AN010-53-19-140-T1/T1,5744006894533
AN012-50-22-140-C2/T1,5744006894038
AN012-50-22-140-H1/T1,5744006894045
AN012-50-22-140-T1/T1,5744006894052
AN015-51-21-140-A1/T1,5744006895554
AN015-51-21-140-H1/T1,5744006895561
AN015-51-21-140-I1/T1,5744006895578
D01-47-T1-BL01-GR-1,5744006890191
D01-47-T1-BR01-3,5744006890207
D01-47-T1-BR01-GR-2,5744006890214
D01-47-T1-CL01-AB,5744006890221
"D01-47-T1-CL01-AB+1,0",5744006890238
D01-47-T1-GN01-3,5744006890245
D01-47-T1-GY01-3-PL,5744006890252
D01-47-T1-GY01-GR-2,5744006890634
D01-47-T1-MI01,5744006893468
D01-47-T1-YE01-NV,5744006890269
D01-49-T1-BL01-GR-1,5744006890078
D01-49-T1-BR01-3,5744006890061
D01-49-T1-BR01-GR-2,5744006890085
D01-49-T1-CL01-AB,5744006890023
"D01-49-T1-CL01-AB+1,0",5744006890016
D01-49-T1-GN01-3,5744006890047
D01-49-T1-GY01-3-PL,5744006890054
D01-49-T1-GY01-GR-2,5744006890092
D01-49-T1-MI01,5744006893475
D01-49-T1-YE01-NV,5744006890030
D01-51-T1-BL01-GR-1,5744006890160
D01-51-T1-BR01-3,5744006890153
D01-51-T1-BR01-GR-2,5744006890177
D01-51-T1-CL01-AB,5744006890115
"D01-51-T1-CL01-AB+1,0",5744006890108
D01-51-T1-GN01-3,5744006890139
D01-51-T1-GY01-3-PL,5744006890146
D01-51-T1-GY01-GR-2,5744006890184
D01-51-T1-MI01,5744006893499
D01-51-T1-YE01-NV,5744006890122
D02-49-T1-BL01-GR-1,5744006890405
D02-49-T1-BR01-3,5744006890399
D02-49-T1-BR01-GR-2,5744006890412
D02-49-T1-CL01-AB,5744006890351
"D02-49-T1-CL01-AB+1,0",5744006890344
D02-49-T1-GN01-3,5744006890375
D02-49-T1-GY01-3-PL,5744006890382
D02-49-T1-GY01-GR-2,5744006890429
D02-49-T1-MI01,5744006893505
D02-49-T1-YE01-NV,5744006890368
D02-51-T1-BL01-GR-1,5744006890498
D02-51-T1-BR01-3,5744006890481
D02-51-T1-BR01-GR-2,5744006890504
D02-51-T1-CL01-AB,5744006890443
"D02-51-T1-CL01-AB+1,0",5744006890436
D02-51-T1-GN01-3,5744006890467
D02-51-T1-GY01-3-PL,5744006890474
D02-51-T1-GY01-GR-2,5744006890511
D02-51-T1-MI01,5744006893512
D02-51-T1-YE01-NV,5744006890450
D03-53-T1-BL01-GR-1,5744006890580
D03-53-T1-BR01-3,5744006890573
D03-53-T1-BR01-GR-2,5744006890597
D03-53-T1-CL01-AB,5744006890535
"D03-53-T1-CL01-AB+1,0",5744006890528
D03-53-T1-GN01-3,5744006890559
D03-53-T1-GY01-3-PL,5744006890566
D03-53-T1-GY01-GR-2,5744006890603
D03-53-T1-MI01,5744006893529
D03-53-T1-YE01-NV,5744006890542
D03-55-T1-BL01-GR-1,5744006890689
D03-55-T1-BR01-3,5744006890672
D03-55-T1-BR01-GR-2,5744006890696
D03-55-T1-CL01-AB,5744006890627
"D03-55-T1-CL01-AB-+1,0",5744006890610
D03-55-T1-GN01-3,5744006890658
D03-55-T1-GY01-3-PL,5744006890665
D03-55-T1-GY01-GR-2,5744006890702
D03-55-T1-MI01,5744006893536
D03-55-T1-YE01-NV,5744006890641
D04-48-T1-BL01-GR-1,5744006890771
D04-48-T1-BR01-3,5744006890764
D04-48-T1-BR01-GR-2,5744006890788
D04-48-T1-CL01-AB,5744006890726
"D04-48-T1-CL01-AB+1,0",5744006890719
D04-48-T1-GN01-3,5744006890740
D04-48-T1-GY01-3-PL,5744006890757
D04-48-T1-GY01-GR-2,5744006890795
D04-48-T1-MI01,5744006893543
D04-48-T1-YE01-NV,5744006890733
D04-50-T1-BL01-GR-1,5744006890863
D04-50-T1-BR01-3,5744006890856
D04-50-T1-BR01-GR-2,5744006890870
D04-50-T1-CL01-AB,5744006890818
"D04-50-T1-CL01-AB+1,0",5744006890801
D04-50-T1-GN01-3,5744006890832
D04-50-T1-GY01-3-PL,5744006890849
D04-50-T1-GY01-GR-2,5744006890887
D04-50-T1-MI01,5744006893550
D04-50-T1-YE01-NV,5744006890825
D05-48-T1-BL01-GR-1,5744006890955
D05-48-T1-BR01-3,5744006890948
D05-48-T1-BR01-GR-2,5744006890962
D05-48-T1-CL01-AB,5744006890900
"D05-48-T1-CL01-AB+1,0",5744006890894
D05-48-T1-GN01-3,5744006890924
D05-48-T1-GY01-3-PL,5744006890931
D05-48-T1-GY01-GR-2,5744006890979
D05-48-T1-MI01,5744006893567
D05-48-T1-YE01-NV,5744006890917
D05-50-T1-BL01-GR-1,5744006891044
D05-50-T1-BR01-3,5744006891037
D05-50-T1-BR01-GR-2,5744006891051
D05-50-T1-CL01-AB,5744006890993
"D05-50-T1-CL01-AB+1,0",5744006890986
D05-50-T1-GN01-3,5744006891013
D05-50-T1-GY01-3-PL,5744006891020
D05-50-T1-GY01-GR-2,5744006891068
D05-50-T1-MI01,5744006893574
D05-50-T1-YE01-NV,5744006891006
D06-48-T1-BL01-GR-1,5744006891136
D06-48-T1-BR01-3,5744006891129
D06-48-T1-BR01-GR-2,5744006891143
D06-48-T1-CL01-AB,5744006891082
"D06-48-T1-CL01-AB+1,0",5744006891075
D06-48-T1-GN01-3,5744006891105
D06-48-T1-GY01-3-PL,5744006891112
D06-48-T1-GY01-GR-2,5744006891150
D06-48-T1-MI01,5744006893581
D06-48-T1-YE01-NV,5744006891099
D07-55-T1-BL01-GR-1,5744006891228
D07-55-T1-BR01-3,5744006891211
D07-55-T1-BR01-GR-2,5744006891235
D07-55-T1-CL01-AB,5744006891174
"D07-55-T1-CL01-AB+1,0",5744006891167
D07-55-T1-GN01-3,5744006891198
D07-55-T1-GY01-3-PL,5744006891204
D07-55-T1-GY01-GR-2,5744006891242
D07-55-T1-MI01,5744006893598
D07-55-T1-YE01-NV,5744006891181
D08-51-T1-BL01-GR-1,5744006891310
D08-51-T1-BR01-3,5744006891303
D08-51-T1-BR01-GR-2,5744006891327
D08-51-T1-CL01-AB,5744006891266
"D08-51-T1-CL01-AB+1,0",5744006891259
D08-51-T1-GN01-3,5744006891280
D08-51-T1-GY01-3-PL,5744006891297
D08-51-T1-GY01-GR-2,5744006891334
D08-51-T1-MI01,5744006893604
D08-51-T1-YE01-NV,5744006891273
D08-53-T1-BL01-GR-1,5744006891402
D08-53-T1-BR01-3,5744006891396
D08-53-T1-BR01-GR-2,5744006891419
D08-53-T1-CL01-AB,5744006891358
"D08-53-T1-CL01-AB+1,0",5744006891341
D08-53-T1-GN01-3,5744006891372
D08-53-T1-GY01-3-PL,5744006891389
D08-53-T1-GY01-GR-2,5744006891426
D08-53-T1-MI01,5744006893611
D08-53-T1-YE01-NV,5744006891365
D09-54-T1-BL01-GR-1,5744006891495
D09-54-T1-BR01-3,5744006891488
D09-54-T1-BR01-GR-2,5744006891501
D09-54-T1-CL01-AB,5744006891440
"D09-54-T1-CL01-AB+1,0",5744006891433
D09-54-T1-GN01-3,5744006891464
D09-54-T1-GY01-3-PL,5744006891471
D09-54-T1-GY01-GR-2,5744006891518
D09-54-T1-MI01,5744006893628
D09-54-T1-YE01-NV,5744006891457
D09-56-T1-BL01-GR-1,5744006891587
D09-56-T1-BR01-3,5744006891570
D09-56-T1-BR01-GR-2,5744006891594
D09-56-T1-CL01-AB,5744006891532
"D09-56-T1-CL01-AB+1,0",5744006891525
D09-56-T1-GN01-3,5744006891556
D09-56-T1-GY01-3-PL,5744006891563
D09-56-T1-GY01-GR-2,5744006891600
D09-56-T1-MI01,5744006893635
D09-56-T1-YE01-NV,5744006891549
D10-53-T1-BL01-GR-1,5744006893659
D10-53-T1-BR01-3,5744006893666
D10-53-T1-BR01-GR-2,5744006893734
D10-53-T1-CL01-AB,5744006893673
"D10-53-T1-CL01-AB+1,0",5744006893680
D10-53-T1-GN01-3,5744006893697
D10-53-T1-GY01-3-PL,5744006893703
D10-53-T1-GY01-GR-2,5744006893710
D10-53-T1-MI01,5744006893642
D10-53-T1-YE01-NV,5744006893727
D11-46-T1-BL01-GR-1,5744006895004
D11-46-T1-BR01-3,5744006894656
D11-46-T1-BR01-GR-2,5744006894663
D11-46-T1-CL01-AB,5744006894830
"D11-46-T1-CL01-AB+1,0",5744006894847
D11-46-T1-GN01-3,5744006894205
D11-46-T1-GY01-3-PL,5744006894854
D11-46-T1-GY01-GR-2,5744006894861
D11-46-T1-MI01,5744006894878
D11-46-T1-YE01-NV,5744006894885
D11-48-T1-BL01-GR-1,5744006894915
D11-48-T1-BR01-3,5744006894922
D11-48-T1-BR01-GR-2,5744006894939
D11-48-T1-CL01-AB,5744006894946
"D11-48-T1-CL01-AB+1,0",5744006894953
D11-48-T1-GN01-3,5744006894212
D11-48-T1-GY01-3-PL,5744006894960
D11-48-T1-GY01-GR-2,5744006894977
D11-48-T1-MI01,5744006894984
D11-48-T1-YE01-NV,5744006894991
D12-50-T1-BL01-GR-1,5744006895011
D12-50-T1-BR01-3,5744006895028
D12-50-T1-BR01-GR-2,5744006895097
D12-50-T1-CL01-AB,5744006895035
"D12-50-T1-CL01-AB+1,0",5744006895042
D12-50-T1-GN01-3,5744006894229
D12-50-T1-GY01-3-PL,5744006895059
D12-50-T1-GY01-GR-2,5744006895066
D12-50-T1-MI01,5744006895073
D12-50-T1-YE01-NV,5744006895080
D13-54-T1-BL01-GR-1,5744006895356
D13-54-T1-BR01-3,5744006895363
D13-54-T1-BR01-GR-2,5744006895370
"D13-54-T1-CL01-AB+1,0",5744006895394
D13-54-T1-GN01-3,5744006895400
D13-54-T1-GY01-3-PL,5744006895417
D13-54-T1-GY01-GR-2,5744006895424
D13-54-T1-MI01,5744006895431
D13-54-T1-YE01-NV,5744006895448
T001-47-20-140-T1,5744006895950
T001-47-20-140-T2,5744006895967
T001-47-20-140-T3,5744006895974
T001-47-20-140-TG,5744006895981
T001-49-21-140-T1,5744006895998
T001-49-21-140-T2,5744006896001
T001-49-21-140-T3,5744006896018
T001-49-21-140-TG,5744006896025
T001-51-22-145-T1,5744006896032
T001-51-22-145-T2,5744006896049
T001-51-22-145-T3,5744006896056
T001-51-22-145-TG,5744006896063
T003-53-19-140-T1,5744006895868
T003-53-19-140-T2,5744006895875
T003-53-19-140-T3,5744006895882
T003-55-20-145-T1,5744006896667
T003-55-20-145-T2,5744006896674
T003-55-20-145-T3,5744006896681
T010-53-19-145-T1,5744006895585
T010-53-19-145-T2,5744006895608
T010-53-19-145-T3,5744006895615
T010-53-19-145-TG,5744006895592
T011-46-21-140-T1,5744006896070
T011-46-21-140-T2,5744006896087
T011-46-21-140-T3,5744006896094
T011-46-21-140-TG,5744006896100
T011-48-22-140-T1,5744006896117
T011-48-22-140-T2,5744006896124
T011-48-22-140-T3,5744006896131
T011-48-22-140-TG,5744006896148
T014-54-19-145-T1,5744006895721
T014-54-19-145-T2,5744006895738
T014-54-19-145-T3,5744006895752
T014-54-19-145-TG,5744006895745
TA001-47/45-22-140-T1/B5,5744006896216
TA001-47/45-22-140-T1/D1,5744006896223
TA001-47/45-22-140-T2/B5,5744006896230
TA001-47/45-22-140-T2/D1,5744006896247
TA001-47/45-22-140-T3/B5,5744006896254
TA001-47/45-22-140-T3/D1,5744006896261
TA001-47/45-22-140-TG/B5,5744006896278
TA001-47/45-22-140-TG/D1,5744006896285
TA001-49/47-23-140-T1/B5,5744006896292
TA001-49/47-23-140-T1/D1,5744006896308
TA001-49/47-23-140-T2/B5,5744006896315
TA001-49/47-23-140-T2/D1,5744006896322
TA001-49/47-23-140-T3/B5,5744006896339
TA001-49/47-23-140-T3/D1,5744006896346
TA001-49/47-23-140-TG/B5,5744006896353
TA001-49/47-23-140-TG/D1,5744006896360
TA001-51/49-24-145-T1/B5,5744006896377
TA001-51/49-24-145-T1/D1,5744006896384
TA001-51/49-24-145-T2/B5,5744006896391
TA001-51/49-24-145-T2/D1,5744006896407
TA001-51/49-24-145-T3/B5,5744006896414
TA001-51/49-24-145-T3/D1,5744006896421
TA001-51/49-24-145-TG/B5,5744006896438
TA001-51/49-24-145-TG/D1,5744006896445
TA003-53/51-21-140-T1/B5,5744006896704
TA003-53/51-21-140-T1/D1,5744006896902
TA003-53/51-21-140-T2/B5,5744006896711
TA003-53/51-21-140-T2/D1,5744006896735
TA003-53/51-21-140-T3/B5,5744006896728
TA003-53/51-21-140-T3/D1,5744006896742
TA003-55/53-22/145-T1/D1,5744006896766
TA003-55/53-22-145-T1/B5,5744006896827
TA003-55/53-22-145-T2/B5,5744006896773
TA003-55/53-22-145-T2/D1,5744006896698
TA003-55/53-22-145-T3/B5,5744006896780
TA003-55/53-22-145-T3/D1,5744006896834
TA003-55/53-22-145-TG/B5,5744006896797
TA003-55/53-22-145-TG/D1,5744006896810
TA010-53/51-21-145-T1/B5,5744006895622
TA010-53/51-21-145-T1/D1,5744006895684
TA010-53/51-21-145-T2/B5,5744006895646
TA010-53/51-21-145-T2/D1,5744006895707
TA010-53/51-21-145-T3/B5,5744006895653
TA010-53/51-21-145-T3/D1,5744006895714
TA010-53/51-21-145-TG/B5,5744006895639
TA010-53/51-21-145-TG/D1,5744006895691
TA011-46/44-23-140-T1/B5,5744006896452
TA011-46/44-23-140-T1/D1,5744006896469
TA011-46/44-23-140-T2/B5,5744006896476
TA011-46/44-23-140-T2/D1,5744006896483
TA011-46/44-23-140-T3/B5,5744006896490
TA011-46/44-23-140-T3/D1,5744006896506
TA011-46/44-23-140-TG/B5,5744006896513
TA011-46/44-23-140-TG/D1,5744006896520
TA011-48/46-24-140-T1/B5,5744006896537
TA011-48/46-24-140-T1/D1,5744006896544
TA011-48/46-24-140-T2/B5,5744006896551
TA011-48/46-24-140-T2/D1,5744006896568
TA011-48/46-24-140-T3/B5,5744006896575
TA011-48/46-24-140-T3/D1,5744006896582
TA011-48/46-24-140-TG/B5,5744006896599
TA011-48/46-24-140-TG/D1,5744006896605
TA014-54/52-21-145-T1/B5,5744006895769
TA014-54/52-21-145-T1/D1,5744006895820
TA014-54/52-21-145-T2/B5,5744006895783
TA014-54/52-21-145-T2/D1,5744006895844
TA014-54/52-21-145-T3/B5,5744006895790
TA014-54/52-21-145-T3/D1,5744006895851
TA014-54/52-21-145-TG/D1,5744006895837
TA014-54/52-21-145/TG/B5,5744006895776
